{
  "timestamp": "2026-03-12T22:15:39.837439",
  "optimization": {
    "class_weight": {
      "cv_f1_mean": 0.9741809649492623,
      "cv_f1_std": 0.0020327887805950077,
      "accuracy": 0.9389712292938099,
      "precision": 0.9713493530499075,
      "recall": 0.9642201834862385,
      "f1_score": 0.9677716390423573,
      "fpr": 0.543859649122807,
      "fnr": 0.03577981651376147,
      "train_time": 4.07020378112793
    },
    "threshold_optimization": {
      "best_threshold": 0.8499999999999999,
      "metrics": {
        "f1": 0.9301877708233028,
        "precision": 0.9787234042553191,
        "recall": 0.8862385321100917,
        "fpr": 0.3684210526315789
      }
    }
  }
}