{
  "timestamp": "2026-03-12T21:51:46.683386",
  "dataset": {
    "total": 5731,
    "tampered": 5448,
    "normal": 283,
    "features": [
      "jpeg_block",
      "contrast",
      "saturation",
      "jpeg_ghost",
      "fft",
      "cfa",
      "edge",
      "color",
      "resampling",
      "splicing"
    ]
  },
  "correlation": {
    "high_corr_pairs": [
      [
        "saturation",
        "color",
        0.8476376505392798
      ]
    ]
  },
  "model": {
    "cv_f1_mean": 0.9741809649492623,
    "cv_f1_std": 0.0020327887805950077,
    "accuracy": 0.949433304272014,
    "precision": 0.9574468085106383,
    "recall": 0.9908256880733946,
    "f1_score": 0.9738503155996393,
    "fpr": 0.8421052631578947,
    "fnr": 0.009174311926605505,
    "train_time": 4.039211750030518
  }
}