{
  "threshold": {
    "otsu": {
      "iou": 0.11515910624345904,
      "precision": 0.1471470540429096,
      "recall": 0.5676874818642299,
      "f1": 0.18642548877433923
    },
    "percentile_90": {
      "iou": 0.11707647913580806,
      "precision": 0.13169051987896155,
      "recall": 0.41744844010489035,
      "f1": 0.18872551181329625
    },
    "percentile_95": {
      "iou": 0.12539901941633672,
      "precision": 0.17026886370537814,
      "recall": 0.26579926374200347,
      "f1": 0.1941793124835714
    },
    "percentile_97": {
      "iou": 0.11957775740194719,
      "precision": 0.20964512627735185,
      "recall": 0.19676346207338594,
      "f1": 0.18804442592801454
    }
  },
  "postprocess": {
    "none": {
      "iou": 0.11515910624345904,
      "precision": 0.1471470540429096,
      "recall": 0.5676874818642299,
      "f1": 0.18642548877433923
    },
    "morph_open": {
      "iou": 0.11515910624345904,
      "precision": 0.1471470540429096,
      "recall": 0.5676874818642299,
      "f1": 0.18642548877433923
    },
    "morph_close": {
      "iou": 0.11515910624345904,
      "precision": 0.1471470540429096,
      "recall": 0.5676874818642299,
      "f1": 0.18642548877433923
    },
    "morph_combo": {
      "iou": 0.11515910624345904,
      "precision": 0.1471470540429096,
      "recall": 0.5676874818642299,
      "f1": 0.18642548877433923
    },
    "connected_100": {
      "iou": 0.11770078450010202,
      "precision": 0.15130925296482758,
      "recall": 0.5599198491518663,
      "f1": 0.18991849278383321
    },
    "connected_500": {
      "iou": 0.1212430405035728,
      "precision": 0.1587999211204013,
      "recall": 0.5055668911511181,
      "f1": 0.19243002074177537
    },
    "full_postprocess": {
      "iou": 0.11770078450010202,
      "precision": 0.15130925296482758,
      "recall": 0.5599198491518663,
      "f1": 0.18991849278383321
    }
  },
  "fusion": {
    "DCT_only": {
      "iou": 0.11515910624345904,
      "precision": 0.1471470540429096,
      "recall": 0.5676874818642299,
      "f1": 0.18642548877433923
    },
    "DCT+HOG_avg": {
      "iou": 0.10961677294996947,
      "precision": 0.1383368370157087,
      "recall": 0.5207083402236076,
      "f1": 0.18007309000478633
    },
    "DCT+CFA_avg": {
      "iou": 0.10115095680089807,
      "precision": 0.1395329114184767,
      "recall": 0.6477558780059919,
      "f1": 0.1699245402214281
    },
    "DCT+HOG+CFA_avg": {
      "iou": 0.10487048102717633,
      "precision": 0.1347972164988279,
      "recall": 0.6252960397236853,
      "f1": 0.17447987596057535
    },
    "DCT+HOG+CFA_max": {
      "iou": 0.10207284839339958,
      "precision": 0.12692796142121066,
      "recall": 0.6766241156728064,
      "f1": 0.17009790567745048
    },
    "DCT+HOG+CFA_weighted": {
      "iou": 0.1086992304557206,
      "precision": 0.13616785434656195,
      "recall": 0.6358378528427683,
      "f1": 0.17881479563495492
    },
    "DCT+NOISE+ELA_avg": {
      "iou": 0.11438634169319811,
      "precision": 0.14003828443196686,
      "recall": 0.5823302444238234,
      "f1": 0.18248583931469345
    },
    "All5_avg": {
      "iou": 0.11362105108077075,
      "precision": 0.13515760346505595,
      "recall": 0.6375468855432357,
      "f1": 0.18261613987827643
    }
  },
  "combined": {
    "基线(DCT+Otsu)": {
      "iou": 0.11515910624345904,
      "precision": 0.1471470540429096,
      "recall": 0.5676874818642299,
      "f1": 0.18642548877433923
    },
    "DCT+百分位95": {
      "iou": 0.12539901941633672,
      "precision": 0.17026886370537814,
      "recall": 0.26579926374200347,
      "f1": 0.1941793124835714
    },
    "DCT+Otsu+后处理": {
      "iou": 0.11770078450010202,
      "precision": 0.15130925296482758,
      "recall": 0.5599198491518663,
      "f1": 0.18991849278383321
    },
    "DCT+百分位95+后处理": {
      "iou": 0.12791723993527299,
      "precision": 0.1853043989555865,
      "recall": 0.24118332834089967,
      "f1": 0.19496073334882372
    },
    "融合(DCT+HOG+CFA)+Otsu": {
      "iou": 0.10487048102717633,
      "precision": 0.1347972164988279,
      "recall": 0.6252960397236853,
      "f1": 0.17447987596057535
    },
    "融合+Otsu+后处理": {
      "iou": 0.1053984897566679,
      "precision": 0.14010043764120378,
      "recall": 0.6167654855239098,
      "f1": 0.17546198095278506
    },
    "融合+百分位95+后处理": {
      "iou": 0.11823016740596187,
      "precision": 0.2643642510278316,
      "recall": 0.18255065152183053,
      "f1": 0.17563400673262067
    },
    "加权融合+Otsu+后处理": {
      "iou": 0.10970374310823218,
      "precision": 0.14138385907646187,
      "recall": 0.6239175661896091,
      "f1": 0.18026702886294976
    },
    "最大值融合+Otsu+后处理": {
      "iou": 0.10311811335213746,
      "precision": 0.13263748886108676,
      "recall": 0.6649384238083402,
      "f1": 0.17154826452983518
    }
  },
  "best": {
    "threshold": "percentile_95",
    "postprocess": "connected_500",
    "fusion": "DCT_only",
    "combined": "DCT+百分位95+后处理"
  }
}