{
  "ela": {
    "easy": {
      "feature": "ela",
      "category": "easy",
      "total": 20,
      "detected": 20,
      "scores": [
        28.7177140926868,
        29.211290067326455,
        44.62669874327088,
        106.38598985130683,
        75.79827921444118,
        22.328786108994414,
        60.76869978146084,
        85.8910519818958,
        29.44048570717071,
        111.94889873743557,
        114.91008825867715,
        28.24632181635299,
        111.46526249561717,
        74.58203788800188,
        83.09892339285317,
        24.40712389373997,
        23.195373284131,
        69.60377436442931,
        62.069017678299744,
        21.32356911090189
      ],
      "errors": 0,
      "detection_rate": 1.0,
      "mean_score": 60.40096932344968,
      "std_score": 33.10258346576051
    },
    "difficult": {
      "feature": "ela",
      "category": "difficult",
      "total": 16,
      "detected": 11,
      "scores": [
        14.40456891001765,
        32.27263346076106,
        91.92075960573959,
        8.216586889651591,
        21.778273542232,
        46.3514051866589,
        43.97671844825605,
        40.818543343390274,
        20.586964820844514,
        24.914385458851164,
        7.8342114720897,
        14.322914206410584,
        36.78247672603132,
        17.64483049948346,
        11.275777932520379,
        35.28063572678552
      ],
      "errors": 0,
      "detection_rate": 0.6875,
      "mean_score": 29.27385538935773,
      "std_score": 20.34805550767262
    },
    "good": {
      "feature": "ela",
      "category": "good",
      "total": 10,
      "detected": 9,
      "scores": [
        48.74043643488893,
        29.481300005193305,
        14.724939343915818,
        26.900587686867333,
        76.86010674669143,
        16.162008631154098,
        25.150138437677374,
        25.520844396153564,
        19.207475003814576,
        75.60996452626851
      ],
      "errors": 0,
      "detection_rate": 0.9,
      "mean_score": 35.835780121262495,
      "std_score": 22.094195181913374
    }
  },
  "dct": {
    "easy": {
      "feature": "dct",
      "category": "easy",
      "total": 20,
      "detected": 12,
      "scores": [
        0.45852006454857025,
        0.5354924908348349,
        0.42702497949405593,
        1.0,
        0.5693504048958815,
        0.9848173020773497,
        0.7518352926993856,
        0.4783645308747584,
        0.49083107354289696,
        1.0,
        1.0,
        0.4775719885923424,
        1.0,
        1.0,
        0.9932253779197225,
        0.42607308773767383,
        0.2541514693798662,
        0.6722010709801498,
        0.6586312770843505,
        0.3781432253973825
      ],
      "errors": 0,
      "detection_rate": 0.6,
      "mean_score": 0.677811681802961,
      "std_score": 0.2558459874819394
    },
    "difficult": {
      "feature": "dct",
      "category": "difficult",
      "total": 16,
      "detected": 15,
      "scores": [
        0.679611085431618,
        0.8270770224155655,
        0.9868716720984292,
        0.9183254298746382,
        1.0,
        1.0,
        1.0,
        1.0,
        0.727311123033528,
        0.19644695148626848,
        0.7992738809445413,
        0.5596575784492963,
        1.0,
        1.0,
        0.9150580256573839,
        1.0
      ],
      "errors": 0,
      "detection_rate": 0.9375,
      "mean_score": 0.8506020480869544,
      "std_score": 0.21560131320202397
    },
    "good": {
      "feature": "dct",
      "category": "good",
      "total": 10,
      "detected": 8,
      "scores": [
        1.0,
        1.0,
        0.1949205468463249,
        0.5451574486137576,
        0.5459907705110986,
        1.0,
        1.0,
        1.0,
        0.41058780640971904,
        0.582297918434451
      ],
      "errors": 0,
      "detection_rate": 0.8,
      "mean_score": 0.7278954490815351,
      "std_score": 0.29028123423579727
    }
  },
  "cfa": {
    "easy": {
      "feature": "cfa",
      "category": "easy",
      "total": 20,
      "detected": 0,
      "scores": [
        0.005530930055050789,
        0.005081670054459118,
        0.006075454006881887,
        0.003329563140869141,
        0.02827464879854713,
        0.013725546890527573,
        0.025758787535309045,
        0.020070461433229082,
        0.019364961803881493,
        0.012239646911621094,
        0.006352075013086866,
        0.001907417352948412,
        0.010989508778376815,
        0.04581259349133607,
        0.020097839471306292,
        0.005870436014628349,
        0.002390800547622885,
        0.007030048502042553,
        0.004977954546107508,
        0.0047865510382802635
      ],
      "errors": 0,
      "detection_rate": 0.0,
      "mean_score": 0.012483344769305621,
      "std_score": 0.010889199521810115
    },
    "difficult": {
      "feature": "cfa",
      "category": "difficult",
      "total": 16,
      "detected": 0,
      "scores": [
        0.009839532613009443,
        0.0074415445327758786,
        0.014650662032899891,
        0.02486722469329834,
        0.0038161873817443848,
        0.004177964460614712,
        0.0030577421188354493,
        0.022936659276640167,
        0.009923234107101732,
        0.017983982999698705,
        0.006891429424285889,
        0.0004586266828216285,
        0.009868621826171875,
        0.002201216830129878,
        0.009824385937779699,
        0.01374403274228129
      ],
      "errors": 0,
      "detection_rate": 0.0,
      "mean_score": 0.01010519047875556,
      "std_score": 0.006964566385539174
    },
    "good": {
      "feature": "cfa",
      "category": "good",
      "total": 10,
      "detected": 0,
      "scores": [
        0.004769325256347656,
        0.026102750508360133,
        0.0017375774087699132,
        0.0019347249884973518,
        0.0038575286439575945,
        0.013480806350708007,
        0.01727714538574219,
        0.007110977172851562,
        0.004495605581898291,
        0.027542946154894075
      ],
      "errors": 0,
      "detection_rate": 0.0,
      "mean_score": 0.010830938745202679,
      "std_score": 0.009285864585962417
    }
  },
  "noise": {
    "easy": {
      "feature": "noise",
      "category": "easy",
      "total": 20,
      "detected": 17,
      "scores": [
        0.5024842619895935,
        0.741071343421936,
        0.6708239316940308,
        0.9102367162704468,
        0.7037313580513,
        1.0,
        1.0,
        0.27152252197265625,
        0.5931637287139893,
        0.7388449311256409,
        0.7824774980545044,
        0.5335620641708374,
        0.7483536005020142,
        1.0,
        1.0,
        0.48229867219924927,
        0.36352160573005676,
        1.0,
        0.717186689376831,
        0.2579297125339508
      ],
      "errors": 0,
      "detection_rate": 0.85,
      "mean_score": 0.7008604407310486,
      "std_score": 0.2372172325849533
    },
    "difficult": {
      "feature": "noise",
      "category": "difficult",
      "total": 16,
      "detected": 15,
      "scores": [
        0.9289495348930359,
        0.9096686244010925,
        1.0,
        0.7971603870391846,
        1.0,
        1.0,
        1.0,
        1.0,
        1.0,
        0.2681555151939392,
        0.6991152167320251,
        0.7554046511650085,
        1.0,
        1.0,
        1.0,
        1.0
      ],
      "errors": 0,
      "detection_rate": 0.9375,
      "mean_score": 0.8974032998085022,
      "std_score": 0.18905843794345856
    },
    "good": {
      "feature": "noise",
      "category": "good",
      "total": 10,
      "detected": 9,
      "scores": [
        1.0,
        1.0,
        0.21314270794391632,
        0.6536646485328674,
        0.7436741590499878,
        1.0,
        1.0,
        1.0,
        0.4578489661216736,
        0.7290681600570679
      ],
      "errors": 0,
      "detection_rate": 0.9,
      "mean_score": 0.7797398567199707,
      "std_score": 0.26210343837738037
    }
  },
  "edge": {
    "easy": {
      "feature": "edge",